{
	"InputSize ": 30,
	"HiddenSize ": 4,
	"OutputSize ": 3,
	"Wy": [[0.412980785194618,0.448918161270004,0.121280109436974,0.108521919801680],[0.203698533733990,0.194364055560960,-0.272287282637057,-0.134809220834806],[-0.404997376938799,-0.650719080909009,-0.022923598448801,0.057181725799429]],
	"Wh": [[0.176020557641124,0.143949845528809,0.117705753148648,0.011424778617304,-0.247970888950699,0.084709064594267,0.027969887412616,0.108032315998212,-0.093755152882270,-0.129166034047750,-0.002378099545380,-0.070107587458434,-0.064156706429193,-0.019534291334855,0.023077740395517,-0.290438126759059,0.137991111946510,-0.185483053593109,0.076131118570693,0.039189933487000,0.007641373942876,0.028358567714603,0.294719376296870,0.002017128937534,-0.082241270103158,0.175095690719496,0.085206551333119,0.053840589317944,-0.037441411969649,-0.016143407265901,0.063632242424125,0.224350929235989,-0.055757093765540,0.077840389154765],[0.147897572079185,0.215594638757192,-0.009563992318591,0.007776291565726,-0.051921800402778,0.163405289649120,0.168575752341027,0.046040945094346,-0.307534489510572,-0.087509762923003,-0.235584851225200,0.063677564796374,-0.204920066946154,-0.133911433007432,-0.049734463588463,-0.016752800552132,0.056059985412179,-0.276001700280529,-0.078826515349200,0.038921308855053,0.051491419117820,0.124759421901930,0.256060116931189,0.072269618022920,-0.174100284293622,0.164865778815705,0.150479858745549,0.062312388202119,-0.030235923091142,-0.136762759584248,0.210143620896227,0.321373147724084,0.122530379209932,0.205998569909180],[0.058987981009956,0.041920772591607,-0.124047817601281,-0.089969205162876,-0.043866261569473,-0.129713564846766,-0.154069264081027,-0.130433196309069,0.036639459850727,0.115127893936167,-0.101119701471218,-0.013436476916918,-0.126136112580315,0.095934053744557,0.000306657964369,-0.068317823302926,0.143820022061125,0.009837803803891,-0.033097222651802,-0.069954320989659,-0.001961417815593,-0.016673631133568,0.228662991355093,-0.040115678401995,-0.185087062226909,-0.075873898842326,0.375789024776018,-0.015727758207059,0.058207351481099,-0.099908034076992,0.067150387458007,0.006873498476646,0.051601809503947,-0.172183863962584],[-0.033703237153369,0.008757870662565,-0.018281189767843,-0.044489774030871,0.077736037224390,0.144892149181595,0.054228868429667,-0.126560916722831,-0.007871620055113,-0.031337895274082,0.100710621892857,-0.028202750155230,-0.057375967114551,0.027532672269952,-0.009871186479058,-0.133170448542421,0.111135244436713,0.035043226186767,-0.006282632761042,-0.091828214638769,-0.046560317330882,0.067744050742012,0.114673596811204,-0.057932230249354,-0.109276808859204,-0.220607883851463,0.132563747522649,-0.066443432926213,-0.074123960031622,-0.153445470503176,-0.160319985408413,-0.059567763816775,0.058498709432172,-0.104655147956538]],
	"by": [-0.162761480817208,0.090223603171605,0.072537877645603],
	"bh": [-0.005458697268736,-0.056300644354856,-0.003830910181188,-0.011685510144752]
}