{
	"InputSize ": 30,
	"HiddenSize ": 4,
	"OutputSize ": 3,
	"Wy": [[-0.024151948833337,-0.364260377994866,0.175663821063674,-0.065577630405606],[0.663582426435120,0.077603239399127,0.596734386322232,-0.003201940195083],[-0.403773664814727,0.419205575118223,-0.901784510866620,0.247351271475871]],
	"Wz": [[0.024532883609756,0.066800498221039,-0.144025173052446,-0.191596091643157,-0.186900093817128,0.038476732373489,-0.025238087922675,0.035635129229252,0.210268610924540,0.039360596516521,0.004188711123087,-0.103369691121067,-0.025749055963359,-0.096343771865316,-0.043875690242420,0.013191423786869,-0.077090816665630,0.119490270832415,-0.068862382310728,0.060006681683893,0.020539890569254,-0.068754206047347,-0.080752338255823,-0.130311589520107,0.101365229327329,-0.046122693621707,0.120973787793160,0.022572522802369,-0.005850374869222,-0.081586299031619,0.118754168277010,0.033078662172996,-0.005178595302966,-0.030134430567146],[0.085932765827993,-0.174771145150288,0.065102045419920,-0.056101691733360,-0.051708510971505,0.005592948405344,-0.057407107414249,0.025642349046910,0.084470104804171,-0.079227649118933,0.007182025533309,0.142135663572381,0.031322209848789,-0.118948751718770,-0.082832603958918,0.078549807763513,0.083489743860379,0.078813921788935,-0.010957373901856,-0.098989908199494,-0.019600659720514,0.081865263357552,-0.037175540021014,-0.047441978995386,-0.108409376773410,0.027928078193820,-0.149363067818718,0.108740263441986,-0.076716189765497,0.037716980286098,0.018541805117653,0.054871812344564,0.282449566687950,0.055926797710512],[-0.039586711809098,0.179535805683462,0.002173314967353,0.133491911208323,0.200422780997907,-0.075749573031003,0.054119854409073,-0.011169972971836,0.027419269072454,0.031359158905773,-0.066611981430821,-0.139138573347105,-0.082589826830317,-0.074291249452492,0.119225852702180,0.066950526333261,-0.103388618432930,-0.088231211850403,-0.121961945631887,-0.121583619315052,0.138448357992887,0.045461274274638,0.052898700147482,-0.065896588285879,-0.100076574356350,0.071833397929542,0.023921537183666,0.081714048935184,0.115396067906548,0.116956564757500,0.118022385780641,0.043426766646131,-0.093042250229733,-0.130811090051592],[0.075539618524551,0.023847345293555,0.264111898713335,0.037750891678803,-0.220201127991713,0.038193529208589,-0.053262668441393,-0.221085179200281,-0.126858746308270,0.049095224072716,0.032104994686356,-0.031555988242379,0.224818384391552,-0.091868053115887,0.129898883470494,0.033490285451612,0.030343405387791,0.160180969268322,0.030734279754592,0.062614290502873,0.118082102992919,-0.043202424683504,-0.004102755107016,0.071955401398102,-0.048710225784740,-0.010780375429222,-0.047688459941976,-0.021489758715555,-0.085284001062114,0.305511455652004,0.125708555094157,-0.020309907550751,-0.018241253531556,-0.020038676900882]],
	"Wr": [[0.140440769689324,0.063714148015718,0.228264841833218,-0.119898355535108,0.172898614964838,0.062475111951170,-0.153075256345833,0.091963163021306,0.130505278675339,0.079395333463004,-0.106985566979992,0.047032247622870,0.132210669797141,0.070877394500385,-0.107775484749256,-0.031066777512481,-0.105262901696139,-0.084340748193034,-0.040335708470793,-0.165152249644854,-0.033398983461295,0.090518177147149,-0.073782498962817,-0.076956794600028,0.029639372565082,-0.073898935878047,0.039522932993717,0.165941639876722,-0.173405298635832,-0.133886416009542,0.050046557901332,0.183068113143819,-0.075460638877257,0.004019884917183],[-0.177869745930300,0.031014267533294,-0.163631340868731,-0.074874229296225,-0.200671519414358,0.013112541783415,-0.018962872487556,-0.037020220717371,-0.119184891144573,-0.121796429141380,-0.047529485194047,-0.016756062988829,0.094608393705272,-0.045601688870233,-0.049581454840470,0.006686347395950,-0.049982053493933,0.091942601486738,-0.012257197656688,0.093597775885409,-0.069632290508531,-0.038078393634002,0.034806528353949,0.003100377655609,0.100205502566768,-0.071726879729063,0.034373136592802,0.098140088163039,0.069981320781176,-0.018374186208240,0.042572222858516,0.183010259096206,-0.053129600643491,-0.090049350335788],[0.009098119258592,-0.012503804059487,-0.092352516269825,0.162747116036071,0.044278497140553,-0.110228441421144,0.032856908030492,-0.043318766572668,0.036644551553383,-0.028145314809681,0.033621148533795,0.251046697039250,0.150317210481073,0.158827515372539,-0.093014660989548,-0.070662352262388,-0.148831224822007,-0.136204441195662,-0.220446927788707,0.060472428041635,0.148997311664592,0.056531892016955,0.163970024281712,0.096297767708362,0.139499482475006,0.072579115444480,0.020117875575971,-0.180875256985788,-0.056673385467053,-0.096381550516639,-0.018245825651150,0.141883166893389,-0.044997901874293,0.037550801064566],[-0.051770511147608,0.051737423536623,0.126565169050253,-0.146662782611701,0.226961844824100,0.074623535085865,-0.122880598423015,-0.095637344839122,-0.010721891027682,0.043096965858526,-0.088516351285615,-0.134901688532033,-0.053679503149191,-0.076129739157697,-0.075311727556976,-0.131472913968519,0.058445738887678,0.014385176244877,0.308045492466099,0.076363689175619,-0.005778005769824,0.184118749573637,-0.017632192115632,-0.006039387786104,-0.003177695082098,0.023033135771146,0.081014531157410,-0.071891781873632,-0.133938456028303,0.150171469645642,-0.040828306624348,0.009973372479180,-0.085690047588362,-0.016151560423402]],
	"Wh": [[0.024364031479744,-0.104191007150783,0.063846411014727,-0.080400171687445,-0.004341720193933,-0.012856518504695,0.313329171180327,0.093591955726944,-0.214823425870553,-0.237243774077141,-0.288174854732670,0.127540505121849,0.030401555898200,-0.137371221664969,-0.014443787479901,-0.050677202041759,-0.224744030695562,-0.153173209299582,0.105456735503161,-0.010751171270014,-0.099829982724453,0.008854905307981,0.010863575987280,-0.096293946156490,0.217816390492440,0.113189047018770,-0.194847160422058,0.054547785819808,-0.007609050699683,-0.198002682883551,0.055560049046482,0.228169526027889,0.133322544770261,0.074781242177189],[-0.045523790015403,0.017621310287418,-0.050967504252040,-0.102343960015255,0.222504577091728,-0.123015016909747,0.241201192458131,-0.112036130021620,-0.010388962619382,-0.017314048310154,0.039793965870506,0.057318420586561,0.024674772388341,0.114430754173978,-0.066200788839092,0.022525277096975,-0.078750402554096,0.333396274814882,-0.190688508111787,-0.137407441863262,-0.120313865222379,-0.012252318504413,-0.056242939849465,0.033030987596360,0.087778528601699,-0.007918632804368,-0.037145962295054,-0.016827854133551,-0.038841855632985,0.154849540117996,-0.067419995614206,-0.093029944006151,-0.091181213803221,-0.113245534541075],[0.063754157621214,-0.261482453857891,0.054297879422384,-0.114874790366327,-0.236267890256733,0.060489125122474,0.264277186883097,0.106506395157301,0.109170799120009,-0.138811519056888,-0.218276114614385,0.109147439058141,0.149699642765869,-0.133855427227014,-0.127477133872982,-0.202440796107764,-0.049471983049757,-0.128951588144752,-0.007996871298070,0.036852006158163,-0.034596383891838,0.210325937454161,0.217298084583201,0.158034387762312,0.024720067006817,0.235017339351194,-0.144434381302061,0.143243357100010,0.040634235577730,-0.066483703782790,0.210694589000998,0.052815572360471,0.143894966598000,0.360731242010969],[-0.087674223723410,0.089071110587819,0.007486957772438,-0.249951520768885,0.042542614100650,-0.192133682252069,0.096750860650001,0.067273660563322,-0.047531469484518,0.054792413272601,-0.059979896301797,0.020157624975540,0.078760582880713,0.030388803129435,0.062762879347760,0.190844449456072,0.165168142659871,0.165853830494605,0.017724563768104,-0.082788859870124,0.119735624297546,0.107943623819048,-0.047503523578145,-0.060663493108558,0.108973513297661,0.137555232270338,0.113622867490456,-0.151547279706223,0.099609858195836,-0.053747668461562,0.003688902489357,0.022742705396626,-0.005100740489907,0.031885528383752]],
	"by": [-0.123001474507639,-0.060064808579278,0.183066283086917],