{
	"InputSize ": 30,
	"HiddenSize ": 4,
	"OutputSize ": 3,
	"Wy": [[0.247765419327013,0.294824455199440,0.006206461203783,0.059133989769407],[0.074547661896654,0.001776918619479,-0.124738524926306,-0.032381786478898],[-0.110631139233858,-0.304038237896964,-0.055398707926361,0.004142221475793]],
	"Wh": [[0.035537843672449,-0.035006355192898,0.123441634579888,0.027520043419073,-0.153744876353104,0.009459112175838,-0.031279845009710,0.084200404824598,-0.051434651866641,-0.087860046810919,0.040477277005127,-0.095944181918311,-0.032436263086329,0.019134069426870,0.059773442727162,-0.180260184441049,0.161587367450996,-0.087566651354185,0.050156040400146,-0.026990748958820,-0.052392981621745,0.013731342685964,0.221072159425756,-0.067366168080673,-0.065998719777640,0.138662714821787,0.112462605313315,0.000176154685858,-0.004578654189255,0.042173849252303,0.004621655476579,0.101574832249848,-0.084922881150871,-0.008890156709016],[-0.033593311030441,-0.002075804306307,-0.007254654304726,0.025758115943376,0.059539529758921,0.079496828663011,0.117367995991393,0.012170327892937,-0.267824230952582,-0.023273409108299,-0.193702878320075,0.042135976805628,-0.187254728493339,-0.092833228718599,-0.016037220771260,0.131645144827728,0.083635448626771,-0.173147951049981,-0.121659982400193,-0.041445374050413,-0.025627856606845,0.136008025342591,0.156000117274471,0.004014203519569,-0.157280029417717,0.113647135986267,0.187535837756457,0.009543823723123,0.010233977654196,-0.063965546052641,0.157171581070574,0.179899445862230,0.102251141846991,0.101008945523501],[0.057101612888260,0.036631061587009,-0.144719682810341,-0.098386841418979,-0.036278670131060,-0.126492600468254,-0.122485859671116,-0.118330574172937,0.055229897112422,0.095600548166515,-0.114075419039088,-0.006739509015578,-0.101730802930333,0.083448755510025,0.027105885184292,-0.056859343443893,0.091636337948657,0.037620155659276,-0.056812100249138,-0.080351864235269,-0.022149828017025,-0.025412659035052,0.213492927891655,-0.074339117857138,-0.139107067329845,-0.060902417655864,0.360351970576260,-0.006063107758401,0.050079341754701,-0.117406672360090,0.085375865531654,-0.001492829606186,0.021978048425411,-0.166356492134670],[-0.022504303688365,0.021566630429589,-0.035873606985508,-0.051213348651095,0.063097101729670,0.161375867905949,0.095279029483187,-0.111039379393917,0.003881167326644,-0.053896184514439,0.090215421813979,-0.017526630354968,-0.049145622998824,0.005877079794966,0.009923555844510,-0.141027664592002,0.072546242961963,0.032313959486360,-0.019273626034874,-0.092834479563920,-0.056211758637327,0.068991914614187,0.115599714484806,-0.069570096159700,-0.074537832789041,-0.205318322588639,0.113226451144254,-0.050499328146802,-0.089844943836291,-0.173149947674898,-0.134939427924892,-0.043388482012718,0.043241353676892,-0.088808791316371]],
	"by": [-0.136468809872092,0.082904784450826,0.053564025421266],
	"bh": [-0.006532512608896,-0.040392370114602,-0.005108207479931,-0.006099707206796]
}