{
	"InputSize ": 16,
	"HiddenSize ": 16,
	"OutputSize ": 2,
	"Wy": [[-0.251409601254146,0.246705494581577,0.192828658968447,0.054153122416092,0.306168908579534,0.233749783148875,0.442063888552616,0.001561945594130,-0.260556431149875,-0.303330207555076,0.141369126905539,0.105946768765518,0.414300874813098,0.159923324351996,-0.279245895194594,0.228396239436442],[0.083324178887288,-0.390592470525619,-0.302657365799187,0.085125613549398,-0.170545118255799,-0.165768240129461,-0.075412889960240,-0.030617295122920,0.269729682838355,0.213739050863763,-0.033568289299348,0.078727686087420,-0.118318886502283,-0.060869267200916,0.173518081056658,-0.236057082868392]],
	"Wh": [[-0.012800467892701,-0.060650174635705,-0.025052725340652,0.026154370666985,-0.222954541325733,-0.168283594949320,-0.261584922828169,0.063634314269824,0.022795081270009,-0.091311460426673,-0.040504136338480,0.043843253475334,-0.230864662260278,0.092319609703318,0.023589003157428,-0.027086126088417,-0.053555247469573,-0.029625327172236,0.102196473545686,0.067218083723654,0.030497235623231,-0.029012627876173,-0.085158499582768,0.075733861280443,0.173369756449854,0.121385891425523,-0.045501445351782,-0.000937704941688,0.144229606620640,0.166238681889757,0.231197629855717,0.117747695514328],[-0.200212368754581,0.111364904412279,0.005045124399672,0.093202278781844,0.213468427240840,0.100177506619175,0.159538575223360,-0.101083651556636,-0.014707370599224,-0.003819851172126,0.033439304319640,0.165565796795707,0.038705435095136,0.059256360699091,0.031580631831283,0.229130263375374,0.094830388288590,-0.029829693901640,0.046598381746384,-0.042376479365982,0.143145555395367,0.111981732520379,0.011650389959549,-0.024796546266314,0.076906892742012,-0.049878883657172,-0.167119844917478,0.099013747607614,0.232964893044779,-0.079117982543963,-0.096131483438857,-0.188037605005035],[-0.066978120482683,0.038487197231960,0.022970629392445,-0.024038615552429,0.079004215045771,0.008748359134372,0.245880874492556,-0.242796041354974,-0.006734767121971,-0.025377873489713,0.097809368287655,0.016282443015267,0.163683363486490,0.115658921128371,0.053678529214703,0.073267771501948,0.013543054301375,0.114394966353209,-0.003091290088105,0.026466860170662,0.029518980782309,0.057160715927310,0.320112586100820,0.056918257295302,-0.143139702782690,0.025889042311039,-0.144374171302557,-0.109424118444112,0.062387996728847,-0.017955938657470,0.136923862835880,0.066334501298659],[-0.044118903893109,-0.021722672551860,0.045972238663588,0.027122368092535,-0.015929215911649,0.025975873148202,-0.111379052422455,0.099325884734392,0.052847068170874,0.013839406892140,0.000345878420529,-0.039478753959992,-0.000246190682494,-0.167179287132813,-0.092453639495096,0.096135280245708,-0.155283039142417,0.072914067609144,-0.105731911355517,-0.025324381478443,0.088938590504807,0.106223783241233,-0.112686470312717,0.011676639062590,-0.094128950241368,-0.037083664240285,0.041043895334193,0.096533509789241,-0.058027809689498,-0.054691833804683,0.065477811579791,-0.055334149025508],[-0.054566680537150,0.091663905344064,0.001932288670157,-0.010286242541913,0.147007790796267,0.198696529216913,0.175028990857346,-0.172596424873472,-0.112957281175859,-0.072023876495819,0.030527430033147,0.070223804045212,0.080072670590545,0.026542125270815,-0.181264615806536,0.100048241438207,0.010449556910456,-0.122009185675893,0.029263230690793,-0.024769631683782,-0.028496921831858,0.074318259370501,0.070083620776649,-0.007658640355474,-0.048317905376593,-0.057141816251204,-0.091008935570202,0.053817725262394,0.068712459719478,-0.104815029244596,-0.017493685896799,-0.179619943604421],[-0.048535791925278,0.115803425273855,0.135202077761396,-0.136818080727193,0.214879188288938,0.051693048426733,0.148842255349219,-0.094505834631385,-0.123152034778973,-0.079058202839594,0.225510303369164,-0.100100677938828,0.045735591367751,0.191766668090574,0.088272462403141,0.078444877273416,0.030964645610454,-0.016868460105646,-0.017708890355564,-0.011274808346849,-0.087738105940155,0.086642916625601,-0.052254938310508,-0.056059850940075,0.025941534565867,0.020254451873740,0.071179414527522,-0.022214679008239,0.168994325384867,-0.059868063438536,-0.292131764391394,-0.093546470255493],[-0.185652974794920,0.112673459602296,-0.143357056207832,-0.090340480689811,0.090489922948630,0.316100424039669,0.119622742019162,-0.117226053402774,-0.197427350189726,-0.150953727941274,-0.013540101205103,0.129550437236816,0.122485594662646,-0.037427822514998,-0.098818000523096,0.155497183004233,0.204848418577637,-0.022939919742134,0.027887410653272,-0.059991216150917,0.042786790588538,0.192823070494467,0.014145267117821,-0.022822221768380,0.102933929772889,-0.003026446242250,-0.169424852328892,-0.103151205331893,0.096620866856157,-0.159339733741435,-0.189085657362580,-0.203858768981691],[0.064109866638773,0.091416346895075,-0.096938887588203,-0.011847349629452,-0.102450311917742,0.072098323896066,0.020699001865760,-0.020722375980955,0.096042692561325,0.067279162151286,-0.076664776818761,-0.093267748093600,-0.044164148523402,-0.042918380306282,0.197122221526812,-0.105769891215969,-0.134655299204706,-0.078650552827194,0.361548487165270,-0.006283751127699,0.087247852961556,-0.124931566527429,0.111827331018270,-0.010276512961801,0.006760374375164,-0.181456598313693,-0.029085285710329,0.004831090983751,-0.069307142173994,-0.067633422288815,0.066505815450353,0.161508398079913],[0.136682657490564,-0.195675054866309,-0.035155475379576,-0.042489227577457,0.014875854621120,-0.100168377779136,-0.174176527826347,0.040924507019566,0.067355206857141,-0.058348196407057,0.013253173752040,0.018728803402773,-0.101872045099234,-0.167540186211950,-0.038563120978631,-0.023020818539275,0.066357353703750,-0.015619071493338,-0.074276328747412,-0.154349330926085,0.105503526342680,-0.186079368581189,-0.095508051920858,-0.159460448279176,-0.189524803012387,-0.037735981112220,0.094157661609468,-0.062291515719411,0.056580561656146,0.274824357059915,0.006512846652416,0.123238912553266],[0.104891386038528,-0.118771824739885,0.051173523382419,0.032834195678674,-0.033651602434403,-0.186161741644867,-0.232574999746157,-0.014871020859956,0.074116203670469,-0.144700123777852,-0.015462856935087,-0.016411274219122,0.032410268502621,-0.155552796197621,-0.084879325078112,-0.008272094727824,-0.093813804823339,0.108014336161497,-0.136074901593729,0.061945360592197,0.039944802093469,-0.128944579820782,-0.077288830760947,-0.216213954880976,-0.016802809126635,-0.153185163630165,0.290449625149465,0.028329003639504,0.020192714337483,-0.148840793664678,0.066259226851037,0.122612759830910],[-0.074938776183524,0.015198647642588,0.027164825590275,-0.024443907545313,0.069373542501207,0.009408177870530,0.141745786812360,-0.058014729636662,0.025269903453414,0.001702908523554,0.057281997574495,0.048708983739093,0.184910651287920,-0.035454048775809,0.015184053880753,0.139289598464935,-0.119139356689684,-0.076922171290282,0.149865401759545,0.018300206698338,-0.229757984174589,0.073822861063865,0.149084529884448,-0.253985322850476,-0.071533279247350,-0.042889378785354,-0.059535585915716,0.120249543273528,0.053361223024279,-0.060915433179892,-0.053211562997538,-0.070311187494323],[0.022691122405542,0.115512159364351,0.116084616195260,0.108224037360832,0.105683476623542,0.072155165153345,0.235946755519224,-0.018443624014523,0.045604169226616,-0.113400925443228,0.073308814519770,-0.097115858652298,0.030466658409070,-0.091885128435956,0.105222179474553,-0.002952167075052,-0.169678544406588,-0.053687687502093,-0.048339554008777,-0.024818867193782,-0.069531578603292,0.049362227841655,-0.105356921472663,0.140890273773639,-0.027971704451193,-0.085113116350081,0.059213217859448,-0.003721898388345,-0.188720768382035,-0.030663559333838,0.037919119218614,-0.021699088448585],[-0.128094789984736,0.332444288157729,-0.276855519632626,-0.051039652822290,0.015006800904183,0.196723993023159,-0.046696956597861,-0.000523722230668,-0.039842057389854,-0.137205169025623,